Name;File Extension;Título;Artistas participantes;Álbum;Tamanho;Artista do Álbum
(Mastered) Avicii - Silhouettes (Eqlipse Remix).mp3;.mp3;;;;5.816 KB;
01 - O Amor Não Escolhe Profissão.mp3;.mp3;Amor Não Escolhe Profissão;;;5.205 KB;
01 Como que oc pôde abando eu.mp3;.mp3;Como que oce pôde abandoná eu;;;2.612 KB;
01 Don't Stop Believin.wma;.wma;Don't Stop Believin;Journey;Classic Metal;3.910 KB;Varios
01. The Alphabeat - www.musicasparabaixar.org.mp3;.mp3;The Alphabeat;David Guetta - www.musicasparabaixar.org;Greatest Hits - www.musicasparabaixar.org;10.607 KB;www.musicasparabaixar.org
01. Vincerò.mp3;.mp3;Vincerò;Annalisa;Splende;8.000 KB;Annalisa
01_Filho da Pátria.mp3;.mp3;Filho da Pátria;Fabio Brazza;Filho da Pátria;8.285 KB;
02 - Eu Sou Pedreiro.mp3;.mp3;Eu Sou Pedreiro;;;5.655 KB;
02 - Fade Into Darkness-Avicii.mp3;.mp3;;Va - www.musicasparabaixar.org;Running Trax Summer 2012 - www.musicasparabaixar.org;9.761 KB;www.musicasparabaixar.org
02 Anos Atras.mp3;.mp3;;;;2.724 KB;
02 Play The Game Tonight.wma;.wma;Play The Game Tonight;Kansas;Classic Metal;3.111 KB;Varios
02. Splende.mp3;.mp3;Splende;Annalisa;Splende;8.078 KB;Annalisa
02_Sem moda, sem medo.mp3;.mp3;Sem moda sem medo;Fabio Brazza;Filho da Pátria;2.028 KB;
03 - Lálálá.mp3;.mp3;Lálálá;;;5.149 KB;
03 O Menino.mp3;.mp3;;;;2.276 KB;
03 Only Time Will Tell.wma;.wma;Only Time Will Tell;Asia;Classic Metal;4.570 KB;Varios
03_Time to Love.mp3;.mp3;Time to Love;Fabio Brazza;Filho da Pátria;7.777 KB;
04 - Ela Traiu O Rock and Roll.mp3;.mp3;Ela Traiu o Rock and Roll;;;5.145 KB;
04 - Seek Bromance-Tim Berg.mp3;.mp3;;Va - www.musicasparabaixar.org;Running Trax Summer 2012 - www.musicasparabaixar.org;8.882 KB;www.musicasparabaixar.org
04 Em plena lua de mel (part. Reginaldo Rossi).mp3;.mp3;;;;4.859 KB;
04 The Final Countdown.wma;.wma;The Final Countdown;Europe;Classic Metal;4.856 KB;Varios
04-italobrothers-upside_down.mp3;.mp3;Upside Down;Italobrothers;Stamp;8.332 KB;
04_Samba de Rap.mp3;.mp3;Samba de Rap;Fabio Brazza;Filho da Pátria;3.299 KB;
05 - Funcionário do Mês.mp3;.mp3;Funcionário do Mês;;;4.785 KB;
05 Eu não toco raul.mp3;.mp3;;;;2.216 KB;
05 Eye Of The Tiger.wma;.wma;Eye Of The Tiger;Survivor;Classic Metal;3.572 KB;Varios
05_Ninguém pode parar.mp3;.mp3;O Samba Chegou;Fabio Brazza;Filho da Pátria;5.442 KB;
06 - Me Provoc.mp3;.mp3;Me Provoca;;;5.274 KB;
06 Camioneta zera.mp3;.mp3;;;;2.394 KB;
06 Rock You Like a Hurricane.wma;.wma;Rock You Like a Hurricane;Scorpions;Classic Metal;3.975 KB;Varios
06-italobrothers_vs_tune_up-colours_of_the_rainbow.mp3;.mp3;Colours Of The Rainbow;Italobrothers Vs Tune Up!;Stamp;8.142 KB;
06. Questo Amore.mp3;.mp3;Questo Amore;Annalisa;Splende;7.960 KB;Annalisa
06_Maria Chuteira.mp3;.mp3;Maria Chuteira;Fabio Brazza;Filho da Pátria;7.399 KB;
07 - Que você se....mp3;.mp3;Eu Quero Que Você...;;;3.922 KB;
07 Breaking All The Rules.wma;.wma;Breaking All The Rules;Peter Frampton;Classic Metal;6.682 KB;Varios
07 Eu tô na seca.mp3;.mp3;;;;2.825 KB;
07-italobrothers_vs_manian-heaven.mp3;.mp3;Heaven;Italobrothers Vs Manian;Stamp;8.532 KB;
07_Anderson Silva.mp3;.mp3;Anderson Silva;Fabio Brazza;Filho da Pátria;8.253 KB;
08 - Libertas Quae Sera Tamen.mp3;.mp3;Libertas Quae Será Tamen;;;4.232 KB;
08 Resolução.mp3;.mp3;;;;2.924 KB;
08 Separate Ways (Worlds Apart).wma;.wma;Separate Ways (Worlds Apart);Journey;Classic Metal;5.113 KB;Varios
08 Skrillex - Rock N' Roll (Will Take You To The Mountain).mp3;.mp3;08 Skrillex - Rock N' Roll (Will Take You To The Mountain);Skrillex;More Monsters and Sprites EP;4.463 KB;
08-italobrothers-so_small_(dance_radio_edit).mp3;.mp3;So Small (Dance Radio Edit);Italobrothers;Stamp;7.680 KB;
08. Niente Tranne Noi.mp3;.mp3;Niente Tranne Noi;Annalisa;Splende;8.430 KB;Annalisa
08_Meus Heróis.mp3;.mp3;Meus Heróis;Fabio Brazza;Filho da Pátria;4.961 KB;
09 - Confesso Eu sou cafajeste.mp3;.mp3;Confesso Eu Sou Cafajeste;;;5.861 KB;
09 Teorema de Carlão.mp3;.mp3;;;;3.885 KB;
09 Your Love.wma;.wma;Your Love;The Outfield;Classic Metal;3.385 KB;Varios
09-italobrothers-counting_down_the_days_(cascada_radio_edit).mp3;.mp3;Counting Down The Days (Cascada Radio Edit);Italobrothers;Stamp;7.623 KB;
09. Se Potessi.mp3;.mp3;Se Potessi;Annalisa;Splende;8.625 KB;Annalisa
09_Acorda.mp3;.mp3;Acorda;Fabio Brazza;Filho da Pátria;4.585 KB;
10 - Tentação.mp3;.mp3;Tentação;;;6.316 KB;
10 Creuza.mp3;.mp3;;;;2.786 KB;
10 Did It All For Love.wma;.wma;Did It All For Love;Troller;Classic Metal;4.249 KB;Varios
10-italobrothers-it_must_have_been_love.mp3;.mp3;It Must Have Been Love;Italobrothers;Stamp;7.518 KB;
10. Posizione Fetale.mp3;.mp3;Posizione Fetale;Annalisa;Splende;8.390 KB;Annalisa
10_História de Cinema.mp3;.mp3;História de Cinema;Fabio Brazza;Filho da Pátria;8.256 KB;
11 - Se Essa Culpa Fosse Minha.mp3;.mp3;Se Essa Culpa Fosse Minha;;;5.752 KB;
11 Como nossos pais (nos aguentam).mp3;.mp3;Como Nossos Pais Nos Aguentam;;Álbum Desconhecido (7/10/2008 18:03:43);3.289 KB;
11 We're Not Gonna Take It.wma;.wma;We're Not Gonna Take It;Twisted Sister;Classic Metal;3.420 KB;Varios
11-italobrothers-the_moon.mp3;.mp3;The Moon;Italobrothers;Stamp;7.875 KB;
11. Ti Sento.mp3;.mp3;Ti Sento;Annalisa;Splende;7.413 KB;Annalisa
11. Wing$ 776.m4a;.m4a;Wing$;Macklemore & Ryan Lewis;The Heist (Deluxe Edition);9.803 KB;Macklemore & Ryan Lewis
11_Desde Muito Tempo Atrás.mp3;.mp3;Muito Tempo Atráś;Fabio Brazza;Filho da Pátria;9.398 KB;
12 - A Banda do Meio do Mato.mp3;.mp3;A Banda do Meio do Mato;;;7.237 KB;
12 Epic.wma;.wma;Epic;Faith no More;Classic Metal;4.599 KB;Varios
12-italobrothers-put_your_hands_up_in_the_air.mp3;.mp3;Put Your Hands Up In The Air;Italobrothers;Stamp;7.311 KB;
12_Mãe.mp3;.mp3;Mãẽ;Fabio Brazza;Filho da Pátria;8.068 KB;
13 - Mas i Love You.mp3;.mp3;Mas I Love You;;;3.950 KB;
13 Open Highway.wma;.wma;Open Highway;Flarow;Classic Metal;3.420 KB;Varios
13-italobrothers-where_are_you_now.mp3;.mp3;Where Are You Now;Italobrothers;Stamp;7.332 KB;
14 Hard Metal.wma;.wma;Hard Metal;Klaus Spencer;Classic Metal;2.901 KB;Varios
14-italobrothers-moonlight_shadow.mp3;.mp3;Moonlight Shadow;Italobrothers;Stamp;7.308 KB;
17. My Oh My 776.m4a;.m4a;My Oh My;Macklemore & Ryan Lewis;The Heist (Deluxe Edition);8.422 KB;Macklemore & Ryan Lewis
18. Night Of Your Life (feat. Jennifer Hudson) - www.musicasparabaixar.org.mp3;.mp3;Night Of Your Life (feat. Jennifer Hudson);David Guetta - www.musicasparabaixar.org;Greatest Hits - www.musicasparabaixar.org;8.763 KB;www.musicasparabaixar.org
2. Can't Hold Us (feat. Ray Dalton) 776.m4a;.m4a;Can't Hold Us (feat. Ray Dalton);Macklemore & Ryan Lewis;The Heist (Deluxe Edition);8.889 KB;Macklemore & Ryan Lewis
2012 (If the World Would End) (Radio Mix)  - Evelyn, Mike Candys, Patrick Miller.mp3;.mp3;2012 (If the World Would End) (Radio Mix);Va - www.musicasparabaixar.org;Clubland Vol. 02 - www.musicasparabaixar.org;6.567 KB;www.musicasparabaixar.org
4 Non Blondes - What's Up.m4a;.m4a;4 Non Blondes - What's Up;;;4.631 KB;
7. Neon Cathedral (feat. Allen Stone) 776.m4a;.m4a;Neon Cathedral (feat. Allen Stone);Macklemore & Ryan Lewis;The Heist (Deluxe Edition);8.887 KB;Macklemore & Ryan Lewis
A Light That Never Comes (Coone Remix) - Linkin Park x Steve Aoki (Official Musi.m4a;.m4a;A Light That Never Comes (Coone Remix);;;4.088 KB;
Adele - Someone Like You.m4a;.m4a;Adele - Someone Like You;;;4.418 KB;
Adoniran Barbosa - Samba do Arnesto.m4a;.m4a;Adoniran Barbosa - Samba do Arnesto;;;2.353 KB;
Adoniran Barbosa - Trem das onze (1964).m4a;.m4a;Adoniran Barbosa - Trem das onze;;;2.547 KB;
Aero Chord - Surface (Bass Boosted).m4a;.m4a;Aero Chord - Surface (Bass Boosted);;;3.948 KB;
Aero Chord - Warrior of the Night.m4a;.m4a;Aero Chord - Warrior of the Night;;;3.942 KB;
Aerosmith Armagedon.mp3;.mp3;Aerosmith Armagedon;Alvaro Mamute;;4.463 KB;
Agora é tarde.mp3;.mp3;Agora é tarde;Ultraje a Rigor;Acústico MTV;4.472 KB;Ultraje a Rigor
Alcione - Você Me Vira a Cabeça.mp3;.mp3;Você Me Vira A Cabeça (Me Tira Do Sério);Alcione;;8.999 KB;
Alesso - Years [Radio Edit].mp3;.mp3;Alesso - Years [Radio Edit];Alesso & Mathew Koma;;3.189 KB;
All Of Me - John Legend & Lindsey Stirling.mp3;.mp3;All Of Me - John Legend & Lindsey Stirling;;;9.776 KB;
Ana Carolina, Seu Jorge - É Isso Aí (The Blower s Daughter) (2).mp3;.mp3;É Isso Aí (The Blower's Daughter);Ana Carolina & Seu Jorge;;10.032 KB;
Andrea Bocelli - Por Una Cabeza.mp3;.mp3;;;;4.731 KB;
Annalisa - L Ultimo Addio (Videoclip Ufficiale).mp3;.mp3;Annalisa - L Ultimo Addio (Videoclip Ufficiale);;;6.903 KB;
Annalisa - Scintille (videoclip).mp3;.mp3;Annalisa - Scintille (videoclip);;;5.963 KB;
Annalisa - Sento solo il presente (Videoclip Ufficiale).mp3;.mp3;Annalisa - Sento solo il presente (Videoclip Ufficiale);;;7.290 KB;
Annalisa - Senza riserva (videoclip).mp3;.mp3;Annalisa  - Senza riserva;Annalisa;;5.837 KB;
Annalisa - Tra due minuti è primavera (videoclip).mp3;.mp3;Annalisa - Tra due minuti è primavera (videoclip);;;6.753 KB;
Annalisa - Un Bacio Prima di Morire.mp3;.mp3;Un Bacio Prima di Morire;Annalisa;Splende;7.232 KB;
Annalisa - Una Finestra tra le Stelle (Official Video) [Sanremo 2015].mp3;.mp3;Annalisa - Una Finestra tra le Stelle (Official Video) [Sanremo 2015];;;7.004 KB;
Antonio Vivaldi - Summer (Full) - The Four Seasons.mp3;.mp3;Four Seasons: Summer 3rd Mvt., The;Antonio Vivaldi;;20.922 KB;
ARASH feat Helena - ONE DAY (Official Video).mp3;.mp3;ARASH feat Helena - ONE DAY (Official Video);;;8.840 KB;
ARASH feat Helena- Broken Angel (Official Video).mp3;.mp3;ARASH feat Helena- Broken Angel (Official Video);;;6.336 KB;
Arash feat. T-Pain  Sex Love Rock N Roll (SLR)  Official Video.mp3;.mp3;Arash feat. T-Pain  Sex Love Rock N Roll (SLR)  Official Video;;;5.959 KB;
Armin Van Buuren - Shivers (Frontliner Remix) [HQ].m4a;.m4a;Armin Van Buuren - Shivers (Frontliner Remix) [HQ];;;4.188 KB;
Avicii & Project 46 feat. Daphne - Crime (Tom Noob Remix).mp3;.mp3;Avicii & Project 46 feat. Daphne - Crime (Tom Noob Remix);Alvaro Mamute;;4.222 KB;
Avicii - Hey Brother (Lyric).mp3;.mp3;;;;4.044 KB;
Avicii - Play (2012).mp3;.mp3;Avicii - Play (2012);Alvaro Mamute;;9.848 KB;
Avicii - Silhouettes .mp3;.mp3;NEW 2012 ! Avicii - Silhouettes (Original Radio Edit) [HQ];;;3.314 KB;
Avicii - Super Mario World Levels (Full Version).mp3;.mp3;Avicii - Super Mario World Levels (Full Version);;;3.564 KB;
Avicii vs Nicky Romero - I Could Be The One [Lyrics].mp3;.mp3;Avicii vs Nicky Romero - I Could Be The One [Lyrics];;;3.286 KB;
AYSEL & ARASH- Always Official Video (Short Version) ESC 2009.mp3;.mp3;AYSEL & ARASH- Always Official Video (Short Version) ESC 2009;;;5.668 KB;
Azuro Feat. Elly - Je Ne Sais Pas (R.I.O. Video Edit) (Official Video HD).mp3;.mp3;Azuro Feat. Elly - Je Ne Sais Pas (R.I.O. Video Edit) (Official Video HD);;;3.238 KB;
Azuro ft. Elly - Toca Me (Dan Winter Radio Edit) (HQ).mp3;.mp3;Azuro ft. Elly - Toca Me (Dan Winter Radio Edit) (HQ);;;7.659 KB;
B.O. - 4x Ole (inkl. Songtext).m4a;.m4a;B.O. - 4x Ole (inkl. Songtext);;;5.242 KB;
B.O. - Anti Köln (1-2) (inkl. Songtext).m4a;.m4a;B.O. - Anti Köln (1-2) (inkl. Songtext);;;3.150 KB;
B.O. - Anti Köln (2-2) (inkl. Songtext).m4a;.m4a;B.O. - Anti Köln (2-2) (inkl. Songtext);;;4.142 KB;
B.O. - Die Seele brennt (inkl. Songtext).m4a;.m4a;B.O. - Die Seele brennt (inkl. Songtext);;;3.780 KB;
B.O. - Olé schwarz-weiß Olé (inkl. Songtext).m4a;.m4a;B.O. - Olé schwarz-weiß Olé (inkl. Songtext);;;2.483 KB;
B.O. - We Love Borussia - We do '1te Version' (inkl. Songtext).m4a;.m4a;B.O. - We Love Borussia - We do '1te Version' (inkl. Songtext);;;2.370 KB;
B.O. - Wir träumen nur von Mönchengladbach (inkl. Songtext).m4a;.m4a;B.O. - Wir träumen nur von Mönchengladbach (inkl. Songtext);;;3.103 KB;
Bach - Cello Suite No.1 i-Prelude.mp3;.mp3;Suite for Cello Solo No.1 in G, BWV 1007 : 1. Prélude;Johann Sebastian Bach;;4.913 KB;
Barack Obama vs Mitt Romney. Epic Rap Battles Of History Season 2..mp3;.mp3;Barack Obama vs Mitt Romney. Epic Rap Battles Of History Season 2.;;;3.270 KB;
Basshunter   All I Ever Wanted DOWNLOAD OUT NOW!!.mp3;.mp3;Basshunter   All I Ever Wanted DOWNLOAD OUT NOW!!;;;6.401 KB;
Basshunter - Angel In The Night (OFFICIAL VIDEO) (Ultra Music).mp3;.mp3;Angel in the Night;Basshunter;;5.691 KB;
Basshunter - Boten Anna (HQ).mp3;.mp3;Boten Anna;Basshunter;;6.427 KB;
Basshunter - Calling Time (Official Video).mp3;.mp3;Calling Time;Basshunter;;5.871 KB;
Basshunter - Can You (Album Version).m4a;.m4a;Basshunter - Can You (Album Version);;;2.322 KB;
Basshunter - Day & Night (Album Version).m4a;.m4a;Basshunter - Day & Night (Album Version);;;2.797 KB;
Basshunter - Don't Walk Away (Album Version).m4a;.m4a;Basshunter - Don't Walk Away (Album Version);;;2.896 KB;
Basshunter - Dream On The Dancefloor (Official Video).mp3;.mp3;Dream On the Dancefloor (Rude Dog Remix);Basshunter;;6.070 KB;
Basshunter - Elinor.mp3;.mp3;Elinor;Basshunter;;5.942 KB;
Basshunter - Every Morning (Ultra Music).mp3;.mp3;Every Morning;Basshunter;;6.805 KB;
Basshunter - Far Far Away NEW SONG 2013 with Lyrics HD.mp3;.mp3;Basshunter - Far Far Away NEW SONG 2013 with Lyrics HD;;;8.557 KB;
Basshunter - Far From Home (Album Version).m4a;.m4a;Basshunter - Far From Home (Album Version);;;3.961 KB;
Basshunter - I Can't Deny (Album Version).m4a;.m4a;Basshunter - I Can't Deny (Album Version);;;3.805 KB;
Basshunter - I Know U Know (Album Version).m4a;.m4a;Basshunter - I Know U Know (Album Version);;;2.633 KB;
Basshunter - I Miss You (OFFICIAL VIDEO) (Ultra Music).mp3;.mp3;I Miss You;Basshunter;;5.357 KB;
Basshunter - I Promised Myself (Album Version).m4a;.m4a;Basshunter - I Promised Myself (Album Version);;;2.512 KB;
Basshunter - I Still Love (Album Version).m4a;.m4a;Basshunter - I Still Love (Album Version);;;3.365 KB;
Basshunter - I Will Learn To Love Again (Album Version).m4a;.m4a;Basshunter - I Will Learn To Love Again (Album Version);;;2.990 KB;
Basshunter - In Her Eyes (HQ).mp3;.mp3;In Her Eyes;Basshunter;;7.447 KB;
Basshunter - Now You re Gone (Ultra Music).mp3;.mp3;Now You're Gone;Basshunter;;5.250 KB;
Basshunter - Plane To Spain (Album Version).m4a;.m4a;Basshunter - Plane To Spain (Album Version);;;3.531 KB;
Basshunter - Why (Album Version).mp3;.mp3;Why;Basshunter;;7.672 KB;
Basshunter - Without Stars (Swedish Version).m4a;.m4a;Basshunter - Without Stars (Swedish Version);;;3.700 KB;
Bastille - Pompeii (Audien Remix).mp3;.mp3;;;;8.753 KB;
Beyond The Veil - Lindsey Stirling (Original Song).mp3;.mp3;;;;8.829 KB;
Bingo Players - Knock You Out (Lyric Video) [OUT NOW].mp3;.mp3;;;;6.285 KB;
Bingo Players - Out Of My Mind (Official Video HD).mp3;.mp3;;;;3.421 KB;
Biquini Cavadão - Roda Gigante (letra).m4a;.m4a;Biquini Cavadão - Roda Gigante (letra);;;2.940 KB;
Blasterjaxx & DBSTF feat. Ryder - Beautiful World (D-Block & S-Te-Fan Remix) [OUT NOW!].mp3;.mp3;Blasterjaxx & DBSTF feat. Ryder - Beautiful World (D-Block & S-Te-Fan Remix) [OUT NOW!];;;8.319 KB;
Breaking Benjamin - Follow (with Lyrics).m4a;.m4a;Breaking Benjamin - Follow (with Lyrics);;;3.076 KB;
Built By Titan - Blind (ft. Young Brother).m4a;.m4a;Built By Titan - Blind (ft. Young Brother);;;4.606 KB;
BURNS - Lies (Otto Knows Remix).mp3;.mp3;BURNS - Lies (Otto Knows Remix);;;3.322 KB;
Cada um por si.mp3;.mp3;Cada um por si;Ultraje a Rigor;Acústico MTV;4.564 KB;Ultraje a Rigor
Calvin Harris & Alesso - Under Control ft. Hurts.mp3;.mp3;;;;6.203 KB;
Calvin Harris - Blame (Audio) ft. John Newman.mp3;.mp3;Blame;Calvin Harris;;8.247 KB;
Calvin Harris feat. Ne-Yo - Let s Go (Vicetone Remix).mp3;.mp3;Calvin Harris feat. Ne-Yo - Let s Go (Vicetone Remix);;;8.675 KB;
Calvin Harris feat. Ne-Yo - Let's Go (Vicetone Remix).mp3;.mp3;Calvin Harris feat. Ne-Yo - Let's Go (Vicetone Remix);;;4.338 KB;
Calvin Harris ft. Ellie Goulding - I Need Your Love (Da Tweekaz Bootleg).mp3;.mp3;I Need Your Love ft. Ellie Goulding;Calvin Harris;;6.077 KB;
Calvin Harris ft. Florence Welch- Sweet Nothing LYRICS.mp3;.mp3;Calvin Harris ft. Florence Welch- Sweet Nothing LYRICS;;;3.253 KB;
Can't Stop Me (Radio Edit) - Afrojack, Shermanology -.mp3;.mp3;Can't Stop Me (Radio Edit);Va - www.musicasparabaixar.org;Clubland Vol. 02 - www.musicasparabaixar.org;7.814 KB;www.musicasparabaixar.org
Carlprit - Fiesta (Official Video).mp3;.mp3;Carlprit - Fiesta (Official Video);;;3.225 KB;
Cartola - O Mundo é um Moinho.mp3;.mp3;O mundo é um moinho;Cartola;;7.348 KB;
Cascada - A Never Ending Dream (Official Video).mp3;.mp3;Cascada - A Never Ending Dream (Official Video);;;2.971 KB;
Cascada - Bad Boy (lyrics).mp3;.mp3;Cascada - Bad Boy;Cascada;;4.506 KB;Divers
Cascada - Because The Night (Clubland Live).mp3;.mp3;;;;2.772 KB;
Cascada - Dangerous(Official Music Video).mp3;.mp3;;;;4.418 KB;
Cascada - Evacuate the dancefloor.mp3;.mp3;Evacuate the Dancefloor;Cascada;Evacuate the Dancefloor;3.303 KB;Cascada
Cascada - Everytime We Touch.mp3;.mp3;Everytime We Touch;Cascada;Everytime We Touch;5.035 KB;Cascada
Cascada - I Will Believe It.mp3;.mp3;;;;3.057 KB;
Cascada - Pyromania (Official Video).mp3;.mp3;Cascada - Pyromania (Official Video);;;3.244 KB;
Cascada - Ready For Love - Unplugged.mp3;.mp3;Ready for Love;Cascada;;6.915 KB;
Cascada - Reason (Dave Darell Remix).mp3;.mp3;Reason;Cascada;;9.165 KB;
Cascada - Summer Of Love (Official Video).mp3;.mp3;Cascada - Summer Of Love (Official Video);;;3.416 KB;
Cascada - The World Is In My Hands (Ryan Thistlebeck vs. Manila Video Edit).mp3;.mp3;Cascada - The World Is In My Hands (Ryan Thistlebeck vs. Manila Video Edit);;;6.469 KB;
Cascada - What Hurts The Most.mp3;.mp3;Cascada - What Hurts The Most;;;6.942 KB;
Cascada - You (Official) feat. Robin Stjernberg (2).mp3;.mp3;;;;4.759 KB;
Cascada -Miracle.mp3;.mp3;Cascada - Miracle;;;5.357 KB;
Cascada Everytime we Touch Lyrics (Slow).m4a;.m4a;Cascada Everytime we Touch Lyrics (Slow);;;3.135 KB;
Cash Cash - Surrender (Tritonal Remix).mp3;.mp3;Surrender;Cash Cash;;7.850 KB;
Chris Brown - Don't Wake Me Up (Guiltyday Remix) [ aka_ SPICEBΘYz ].mp3;.mp3;Chris Brown - Don't Wake Me Up (Guiltyday Remix) [ aka: SPICEBΘYz ];;;15.615 KB;
Christina Grimmie singing  Demons  by Imagine Dragons.mp3;.mp3;Christina Grimmie singing  Demons  by Imagine Dragons;;;6.861 KB;
chucrutefc_2016-05-30T20_39_46-07_00.mp3;.mp3;Bundesliga temporada 15/16 - Retrospectiva;Chucrute FC;Chucrute FC;122.811 KB;
Ciúmes.mp3;.mp3;Ciúmes;Ultraje a Rigor;Acústico MTV;7.368 KB;Ultraje a Rigor
Cleopatra VS Marilyn Monroe. Epic Rap Battles of History Season 2..mp3;.mp3;Cleopatra VS Marilyn Monroe. Epic Rap Battles of History Season 2.;;;1.648 KB;
Come And Get It.mp3;.mp3;Come And Get It (Razihel Remix);Krewella;Come And Get It CDS;8.533 KB;
Coone - Colors of life (Official Videoclip).m4a;.m4a;Coone - Colors of life (Official Videoclip);;;3.833 KB;
Coone - Into The Madness (OUT NOW).m4a;.m4a;Coone - Into The Madness;;;3.239 KB;
Coone - Love For The Game (Official Music Video).m4a;.m4a;Coone - Love For The Game (Official Music Video);;;3.328 KB;
Coone - Million Miles (Da Tweekaz Remix).mp3;.mp3;Million Miles;Coone;;9.028 KB;
Coone - Music Is Art (Official Videoclip).m4a;.m4a;Coone - Music Is Art (Official Videoclip);;;3.335 KB;
Coone - Words From The Gang (2014 Remix) (Official Aftermovie_ Coone & The Gang 2014).mp3;.mp3;;;;4.268 KB;
Coone ft. K19 - Times Gettin' Hard (Official Music Video).m4a;.m4a;Coone ft. K19 - Times Gettin' Hard (Official Music Video);;;2.762 KB;
Coone ft. Matt Fryers - Last Man Standing (Official Music Video).mp3;.mp3;Last Man Standing;Coone Feat. Matt Fryers;;7.058 KB;
Coone ft. Scope DJ - Traveling (Da Tweekaz Remix).m4a;.m4a;Coone ft. Scope DJ - Traveling (Da Tweekaz Remix);;;4.390 KB;
Crystallize - Lindsey Stirling (Dubstep Violin Original Song).m4a;.m4a;Crystallize - Lindsey Stirling (Dubstep Violin Original Song);;;4.645 KB;
D-Block & S-te-Fan & Isaac - Alive (ft. Chris Madin) (Official Music Video).m4a;.m4a;D-Block & S-te-Fan & Isaac - Alive (ft. Chris Madin) (Official Music Video);;;3.266 KB;
Da Tweekaz & Coone - Born in the 80's.m4a;.m4a;Da Tweekaz & Coone - Born in the 80's;;;4.230 KB;
Da Tweekaz - Frozen (Disney Tool) (Official Preview).mp3;.mp3;Da Tweekaz - Frozen (Disney Tool) (Official Preview);;;7.127 KB;
Da Tweekaz - Game of Thrones (Official Video Clip).mp3;.mp3;Game Of Thrones;Rameses B;;7.641 KB;
Da Tweekaz ft. Elke Diels - Letting Go (Official Video Clip).m4a;.m4a;Da Tweekaz ft. Elke Diels - Letting Go (Official Video Clip);Da Tweekaz;;3.193 KB;
Da Tweekaz ft. Oscar - Break The Spell (Official 4K Video Clip).m4a;.m4a;Da Tweekaz ft. Oscar - Break The Spell (Official 4K Video Clip);;;3.577 KB;
Darren Styles & Manian - Outta My Head (Original Mix).mp3;.mp3;Outta My Head;Manian & Darren Styles;;5.859 KB;
David Guetta & Showtek ft Vassy - BAD (Kryptonix & Animaix Hardstyle Bootleg).mp3;.mp3;David Guetta & Showtek ft Vassy - BAD (Kryptonix & Animaix Hardstyle Bootleg);;;4.885 KB;
David Guetta - She Wolf (Lyrics Video) ft. Sia.mp3;.mp3;David Guetta - She Wolf (Lyrics Video) ft. Sia;;;3.547 KB;
David Guetta Titanium Violin Cover.mp3;.mp3;David Guetta Titanium Violin Cover;;;3.668 KB;
David Guetta, Alesso feat. Tegan Quin & Sara - .mp3;.mp3;David Guetta, Alesso feat. Tegan Quin & Sara - Every Chance We Get We Run (CDQ);;;3.752 KB;
Deep Purple - Smoke on the Water.mp3;.mp3;Deep Purple - Smoke on the Water;Deep Purple;Machine Head;5.318 KB;Deep Purple
Deixa Eu Dormir Na Sua Casa - A Banda Mais Bonita da Cidade.mp3;.mp3;A Banda Mais Bonita da Cidade - Deixa Eu Dormir Na Sua Casa;;;4.300 KB;
DESCOBRI QUE TE AMO - Fabio Brazza part. Diogo Paiva.mp3;.mp3;DESCOBRI QUE TE AMO - Fabio Brazza part. Diogo Paiva;;;4.697 KB;
Die Atzen - Party ( Ich will abgehen ) [Lyrics] HD HQ.mp3;.mp3;Party (Ich will abgehn) - Michael Mind Project Edit;Die Atzen;;7.425 KB;
Die Atzen - Strobo Pop mit Nena (Official Video HD).mp3;.mp3;Strobo Pop (Atzen Musik Mix);Die Atzen mit Nena;;6.685 KB;
Diplo & GTA - Boy Oh Boy (Original Mix).mp3;.mp3;Boy Oh Boy (Original Mix);Diplo &  GTA;ThisSongIsSick.com;10.277 KB;
DJ Antoine - Bella Vita (DJ Antoine vs. Mad Mark 2K13 Radio Edit) (Official HD).mp3;.mp3;DJ Antoine - Bella Vita (DJ Antoine vs. Mad Mark 2K13 Radio Edit) (Official HD);;;5.821 KB;
Dj Antoine - Ma Cherie (Original).mp3;.mp3;Dj Antoine - Ma Cherie (Original);;;3.012 KB;
DJ Antoine - Sky Is The Limit (Official) [HD].mp3;.mp3;DJ Antoine - Sky Is The Limit (Official) [HD];;;6.549 KB;
DJ Gollum vs  Empyre One – The Bad Touch.m4a;.m4a;DJ Gollum vs  Empyre One – The Bad Touch;;;4.157 KB;
Dj Street Style feat. Vanessa Mae - Euphoria (Piano and Violin).mp3;.mp3;Dj Street Style feat. Vanessa Mae - Euphoria (Piano and Violin);;;2.620 KB;
Doctor P feat. Eva Simons - Bulletproof (Vicetone Remix).mp3;.mp3;Doctor P feat. Eva Simons - Bulletproof (Vicetone Remix);;;7.506 KB;
Dominguinhos - Eu só  quero um xodó.m4a;.m4a;Dominguinhos - Eu só  quero um xodó;;;2.962 KB;
Don t Stop Believing Journey lyrics (2).mp3;.mp3;;;;0 KB;
Dont-You-Worry-Child-Radio-Edit-feat.-John-Martin.mp3;.mp3;Don't You Worry Child (Radio Edit) feat. John Martin;Swedish House Mafia;MyMusicIsBetterThanYours.com;8.387 KB;
DRAGON QUEST CABOCLO.mp3;.mp3;DRAGON QUEST CABOCLO;;;13.794 KB;
Drinking From the Bottle (Lyric Video).mp3;.mp3;Drinking From the Bottle (Lyric Video);;;3.766 KB;
Elements- Dubstep Violin- Lindsey Stirling.mp3;.mp3;Elements- Dubstep Violin- Lindsey Stirling;;;3.856 KB;
Elis Regina & Adoniran Barbosa - Tiro ao Alvaro.avi.m4a;.m4a;Elis Regina & Adoniran Barbosa - Tiro ao Alvaro;;;2.535 KB;
Empyre One - Mirrors (Radio Edit).m4a;.m4a;Empyre One - Mirrors (Radio Edit);;;3.356 KB;
eric saade feat dev - hotter than fire (full).mp3;.mp3;Hotter Than Fire;Eric Saade feat. Dev;www.RnBXclusive.com;6.354 KB;www.RnBXclusive.com
Eu gosto de mulher.mp3;.mp3;Eu gosto de mulher;Ultraje a Rigor;Acústico MTV;6.537 KB;Ultraje a Rigor
Eu Me Remexo Muito.mp3;.mp3;Eu Me Remexo Muito;;;2.929 KB;
Eu não sei.mp3;.mp3;Eu não sei;Ultraje a Rigor;Acústico MTV;3.202 KB;Ultraje a Rigor
Europe - The Final Countdown.mp3;.mp3;Europe - The Final Countdown;Europe;The Final Countdown;4.625 KB;Europe
Evanescence - Bring Me To Life.mp3;.mp3;Evanescence - Bring Me To Life;;;7.903 KB;
Evanescence - Lithium (Dj T.c. Hardstyle Edit).mp3;.mp3;;;;9.181 KB;
Evanescence - What You Want.mp3;.mp3;Evanescence - What You Want;;;6.899 KB;
Falamansa - Xote da Alegria.m4a;.m4a;Falamansa - Xote da Alegria;;;3.978 KB;
Fallen Kingdom  - A Minecraft Parody of Coldpl.mp3;.mp3;Fallen Kingdom  - A Minecraft Parody of Coldplay s Viva la Vida (Music Video);;;4.495 KB;
Faroeste Caboclo - Legião Urbana (VERSÃO MEME).mp3;.mp3;Faroeste Caboclo - Legião Urbana (VERSÃO MEME);;;12.672 KB;
Fedde Le Grand & Nicky Romero - Sparks (Vicetone Remix).mp3;.mp3;Fedde Le Grand & Nicky Romero - Sparks (Vicetone Remix);;;3.991 KB;
Flo Rida - Whistle (Vicetone Remix).mp3;.mp3;Flo Rida - Whistle (Vicetone Remix);;;3.722 KB;
FloRida Bach Black-Eyed Peas - Good Feeling - Seth G. Violin Cover.mp3;.mp3;FloRida Bach Black-Eyed Peas - Good Feeling - Seth G. Violin Cover;;;3.593 KB;
Foggy - Come into my Dream [HD].m4a;.m4a;Foggy - Come into my Dream;;;3.088 KB;
Free The Madness (Official Audio) - Steve Aoki ft. Machine Gun Kelly.mp3;.mp3;Free The Madness (Official Audio) - Steve Aoki ft. Machine Gun Kelly;;;8.592 KB;
Fresh Prince of Bel Air - FULL THEME SONG.mp3;.mp3;Fresh Prince of Bel Air - FULL THEME SONG;;;2.782 KB;
Frontliner ft. Ellie - Lose The Style (HQ Preview).mp3;.mp3;Frontliner ft. Ellie - Lose The Style (HQ Preview);;;7.141 KB;
Galantis - Runaway (U & I Frontliner Remix) [Bass Boosted].m4a;.m4a;Galantis - Runaway (U & I Frontliner Remix) [Bass Boosted];;;3.727 KB;
GERAÇÃO DE PENSADORES - Fabio Brazza e Mc Garden.mp3;.mp3;GERAÇÃO DE PENSADORES - Fabio Brazza e Mc Garden;;;6.841 KB;
GiGi D'Agostino - L'Amour Toujours (Dekagram Remix).m4a;.m4a;GiGi D'Agostino - L'Amour Toujours (Dekagram Remix);;;3.995 KB;
Giselda.mp3;.mp3;Giselda;Ultraje a Rigor;Acústico MTV;4.700 KB;Ultraje a Rigor
GTA - Red Lips (Aero Chord Remix).m4a;.m4a;GTA - Red Lips (Aero Chord Remix);;;3.441 KB;
Gun s N  Roses - Knockin On Heavens Door.mp3;.mp3;Gun s N  Roses - Knockin On Heavens Door;;;5.339 KB;
Guns N  Roses - November Rain.mp3;.mp3;Guns N  Roses - November Rain;;;8.570 KB;
Guns N  Roses - Paradise City.mp3;.mp3;Guns N  Roses - Paradise City;;;6.405 KB;
Guns N  Roses - Sweet Child O  Mine.mp3;.mp3;Guns N  Roses - Sweet Child O  Mine;;;4.682 KB;
Guns N  Roses - Welcome To The Jungle.mp3;.mp3;Guns N  Roses - Welcome To The Jungle;;;4.302 KB;
Gunz For Hire - No Mercy [official videoclip].mp3;.mp3;No Mercy;Gunz for Hire;;5.415 KB;
Hard Rock Sofa vs Swanky Tunes & Eric Prydz - Here we push the pjanoo (JohanNordh & Lilleman Mashup).mp3;.mp3;Hard Rock Sofa vs Swanky Tunes & Eric Prydz - Here we push the pjanoo (JohanNordh & Lilleman Mashup);;;4.688 KB;
Hardwell & Headhunterz - Nothing Can't Hold Us Down feat. Haris (Fixwave Edit).m4a;.m4a;Hardwell & Headhunterz - Nothing Can't Hold Us Down feat. Haris (Fixwave Edit);;;2.350 KB;
Hardwell & Showtek - How We Do (Official Video HD).mp3;.mp3;Hardwell & Showtek - How We Do (Official Video HD);;;2.571 KB;
Headhunterz - Dragonborn (Official Videoclip).mp3;.mp3;;;;8.841 KB;
Headhunterz End of My Existence.mp3;.mp3;End Of My Existence;Headhunterz;;10.326 KB;
Headhunterz feat. Krewella - United Kids of the World (Official Video).mp3;.mp3;;;;5.374 KB;
Hino da Independência do Brasil.mp3;.mp3;Hino da Independência do Brasil;;;8.876 KB;
Hino da Itália - Traduzido e legendado PT - BR.mp3;.mp3;Hino da Itália - Traduzido e legendado PT - BR;;;6.134 KB;
HINO DO NOROESTE DE BAURU.mp3;.mp3;HINO DO NOROESTE DE BAURU;;;2.419 KB;
Hino do Palmeiras na Guitarra.mp3;.mp3;hino do palmeiras na guitarra;;;3.197 KB;
Hino Nacional da França (Fr-Pt br).mp3;.mp3;Hino Nacional da França (Fr-Pt br);;;9.632 KB;
Hino Nacional da Rússia (Legendado em Português) (ru pt).mp3;.mp3;Hino Nacional da Rússia;Hino da Russia;Hino da Russia;7.233 KB;
Hook N Sling vs Nervo - Reason (Vicetone Remix).mp3;.mp3;Hook N Sling vs Nervo - Reason (Vicetone Remix);;;6.801 KB;
Hymne Borussia VFL 1900 (Lyrics) - Hino do Borussia Mönchengladbach (letra).mp3;.mp3;B.O - Die elf vom Niederrein;;;7.543 KB;
Hymne Fußball-Club Bayern München (Lyrics) - Hino do Bayern de Munique (letra).mp3;.mp3;Hymne Fußball-Club Bayern München (Lyrics) - Hino do Bayern de Munique (letra);;;6.833 KB;
I Need Your Love (Feat. Ellie Goulding) - Calvin Harris.mp3;.mp3;I Need Your Love (Feat. Ellie Goulding) - Calvin Harris;;;3.688 KB;
I yaz Ft. Charice. Pyramid Lyrics..mp3;.mp3;I yaz Ft. Charice. Pyramid Lyrics.;;;9.290 KB;
Ignazio Boschetto - Il Volo __ Ti voglio tanto bene PBS.m4a;.m4a;Il Volo - Ti voglio tanto bene;;;2.808 KB;
Il Mondo (From PBS Performance  Il Volo...Takes Flight ).mp3;.mp3;Il Mondo (From PBS Performance  Il Volo...Takes Flight );;;7.841 KB;
Il Volo - Aspettero' (Cover Audio).m4a;.m4a;Il Volo - Aspettero' (Cover Audio);;;3.532 KB;
Il Volo - Canzone per te.mp3;.mp3;Il Volo - Canzone per te;;;7.364 KB;
Il Volo - Grande amore.mp3;.mp3;Grande Amore;Il Volo;;7.011 KB;
Il Volo - Il tuo sguardo manca (Cover Audio).m4a;.m4a;Il Volo - Il tuo sguardo manca (Cover Audio);;;3.446 KB;
Il Volo - Io che non vivo (Senza te) (Cover Audio).mp3;.mp3;Il Volo - Io che non vivo (Senza te) (Cover Audio);;;5.283 KB;
Il Volo - Màs Que Amor.mp3;.mp3;Más que amor;Il Volo;;8.726 KB;
Il Volo - Questo Amore (I Don't Want To Miss A Thing) w- Lyrics.m4a;.m4a;Il Volo - Questo Amore (I Don't Want To Miss A Thing) w- Lyrics;;;4.328 KB;
Il Volo - Tornera l'amore (Cover Audio).m4a;.m4a;Il Volo - Tornera l'amore (Cover Audio);;;4.063 KB;
Il Volo - Un amore cosi grande.mp3;.mp3;Un amore così grande;Il Volo;;8.244 KB;
Império Serrano 1964 4 10 - Aquarela Brasileira.mp3;.mp3;Aquarela Brasileira;G.R.E.S. Império Serrano;;5.580 KB;
In My Mind (Axwell Radio Edit) - Feenixpawl, Georgi Kay, Ivan Gough -.mp3;.mp3;In My Mind (Axwell Radio Edit);Va - www.musicasparabaixar.org;Clubland Vol. 02 - www.musicasparabaixar.org;7.347 KB;www.musicasparabaixar.org
In the End - Linkin Park (Samba) [KONVERSÃO].mp3;.mp3;In the End - Linkin Park (Samba) [KONVERSÃO];;;7.467 KB;
Independente futebol Clube.mp3;.mp3;Independente futebol Clube;Ultraje a Rigor;Acústico MTV;3.750 KB;Ultraje a Rigor
Inno A.S Roma (Testo) - Himno de A.S Roma (Letra).mp3;.mp3;Inno A.S Roma (Testo) - Himno de A.S Roma (Letra);;;7.627 KB;
Inno Associazione Calcio Milan (Testo) - Hino do A.C. Milan (letra).mp3;.mp3;Inno Associazione Calcio Milan (Testo) - Hino do A.C. Milan (letra);;;7.996 KB;
Inno Ufficiale della Juventus (Testo) - Himno Oficial de la Juventus de Turín (Letra).mp3;.mp3;Inno Ufficiale della Juventus (Testo) - Himno Oficial de la Juventus de Turín (Letra);;;7.030 KB;
Inútil.mp3;.mp3;Inútil;Ultraje a Rigor;Acústico MTV;3.916 KB;Ultraje a Rigor
Iron Maiden - Wasting Love (Official Video).mp3;.mp3;Wasting Love;Iron Maiden;;10.850 KB;
ItaloBrothers - Cryin  In The Rain (Official HD Video).mp3;.mp3;Cryin' In The Rain - Video Edit;Italobrothers;;7.177 KB;
ItaloBrothers - Luminous Intensity 2013.mp3;.mp3;ItaloBrothers - Luminous Intensity 2013;;;7.557 KB;
ItaloBrothers - My Life Is A Party (R.I.O. Vide.mp3;.mp3;ItaloBrothers - My Life Is A Party (R.I.O. Video Edit) (Official Video HD);;;3.474 KB;
ItaloBrothers - P.O.D (People of DreamHack) [Original Hands Up Mix] HD.mp3;.mp3;ItaloBrothers - P.O.D (People of DreamHack) [Original Hands Up Mix] HD;;;5.477 KB;
ItaloBrothers - Pandora 2012.mp3;.mp3;Pandora 2012 - Edit;Italobrothers;;6.176 KB;
ItaloBrothers - Radio Hardcore (Official Video).mp3;.mp3;ItaloBrothers - Radio Hardcore (Official Video) - PUNCH 001;;;3.314 KB;
Italobrothers - Sleep when we re dead (Nezmo remix).mp3;.mp3;Italobrothers - Sleep when we re dead (Nezmo remix);;;5.930 KB;
Italobrothers - Stamp on the ground (Official HD Video).mp3;.mp3;Stamp On The Ground (Radio Edit);Italobrothers;;6.675 KB;
ItaloBrothers - Up  N Away (Re-Load Remix).mp3;.mp3;Up 'n Away - Video Edit;Italobrothers;;6.912 KB;
ItaloBrothers - Welcome To The Dancefloor (Official Video HD).mp3;.mp3;ItaloBrothers - Welcome To The Dancefloor (Official Video HD);;;5.407 KB;
I_m_on_you_-_Dj_antoine_Ara.mp3;.mp3;;;;5.582 KB;
Jackal - Shakedown.mp3;.mp3;Shakedown;Jackal;skykidz.ru;8.598 KB;
Jakob Liedholm - Endless vs. Close Your Eyes [Free].mp3;.mp3;Jakob Liedholm - Endless vs. Close Your Eyes [Free];;;7.804 KB;
Je ne sais pas Joyce Jonathan- lyrics.mp3;.mp3;Je ne sais pas Joyce Jonathan- lyrics;;;8.340 KB;
Jesse & Joy - La de la Mala Suerte (feat. Pablo Alborán).m4a;.m4a;La de la Mala Suerte (feat. Pablo Alborán);Jesse & Joy;Jesse & Joy;4.020 KB;
Jesse Go.mp3;.mp3;Jesse Go;Ultraje a Rigor;Acústico MTV;5.826 KB;Ultraje a Rigor
"Kevin Drew &amp; Taryn Manning - Summer Ashes.mp3";.mp3;;;;4.279 KB;
Khaled - C Est La Vie.mp3;.mp3;C’est la vie;Khaled;;7.400 KB;
Krewella & Pegboard Nerds - This is Not the End   Lyrics  .mp3;.mp3;Krewella & Pegboard Nerds - This is Not the End   Lyrics;;;6.568 KB;
Krewella -  We Go Down .mp3;.mp3;;;;5.797 KB;
Krewella - Alive.mp3;.mp3;Krewella - Alive;;;3.230 KB;
krewella - come and get it (razihel remix)(1).mp3;.mp3;Come And Get It (Razihel Remix);Krewella;Come And Get It CDS;8.533 KB;
Krewella - Enjoy The Ride [Exclusive].mp3;.mp3;;;;8.299 KB;
Krewella - Feel Me [OFFICIAL VIDEO - HD].mp3;.mp3;Krewella - Feel Me [OFFICIAL VIDEO - HD];;;7.750 KB;
Krewella - Human.mp3;.mp3;;;;6.120 KB;
Krewella - Killin  It [OFFICIAL VIDEO - HD].mp3;.mp3;Krewella - Killin  It [OFFICIAL VIDEO - HD];;;3.358 KB;
Krewella - One Minute (Culture Code Remix) (2).mp3;.mp3;Krewella - One Minute (Culture Code Remix) (2);;;4.364 KB;
Krewella - We Are One.mp3;.mp3;Krewella - We Are One;;;8.662 KB;
Krewella- Live For The Night [OFFICIAL AUDIO HD].mp3;.mp3;Krewella- Live For The Night [OFFICIAL AUDIO HD];;;4.870 KB;
Lana Del Rey vs Cedric Gervais 'Summertime Sadness' Remix.mp3;.mp3;;;;3.528 KB;
Legião Urbana - Eduardo e Monica.mp3;.mp3;Legião Urbana - Eduardo e Monica;;;4.237 KB;
Legião Urbana - Será.mp3;.mp3;Legião Urbana - Será;;;2.345 KB;
Les Miserables - I Dreamed a Dream (Lyrics).wmv.mp3;.mp3;Les Miserables - I Dreamed a Dream (Lyrics).wmv;;;8.360 KB;
Les Misérables Medley - Lindsey Stirling.mp3;.mp3;Les Misérables Medley - Lindsey Stirling;;;8.747 KB;
Levels.mp3;.mp3;Levels;Avicii;avicci;7.916 KB;Avicii
Liberdade! Liberdade! Abra as Asas Sobre nós! Samba Enredo - Imperatriz.mp3;.mp3;Liberdade! Liberdade! Abra as Asas Sobre Nós;G.R.E.S. Imperatriz Leopoldinense;;7.774 KB;
Linkin Park - BURN IT DOWN (Official Music Video).mp3;.mp3;Linkin Park - BURN IT DOWN (Official Music Video);;;9.138 KB;
Liverpool Football Club Anthem (Lyrics) - Hino do Liverpool F.C. (letra).mp3;.mp3;Liverpool Football Club Anthem (Lyrics) - Hino do Liverpool F.C. (letra);;;5.044 KB;
Livvi Franc Feat. Pitbull - Now I m That Bitch (Mattioli Remix).mp3;.mp3;Livvi Franc Feat. Pitbull - Now I m That Bitch (Mattioli Remix);;;1.984 KB;
Lookas - Loko.m4a;.m4a;Lookas - Loko;<unknown>;mp3;3.608 KB;
MAGIC! - Rude.mp3;.mp3;MAGIC! - Rude;;;7.044 KB;
Mako - Beam Ft. Angel Taylor (2013 Original Mix).mp3;.mp3;;;;13.529 KB;
Mako - Our Story.mp3;.mp3;;;;12.940 KB;
Manchester United F.C. Anthem (Lyrics) - Hino do Manchester United (letra).mp3;.mp3;Manchester United F.C. Anthem (Lyrics) - Hino do Manchester United (letra);;;5.423 KB;
Manian & Floorfilla - Just Another Night (Anthem 4) [Official Video].mp3;.mp3;Just Another Night (Anthem 4) (Manian Mix);Manian & Floorfilla;;6.254 KB;
Manian & Lance - Cold As Ice (Empyre One Video Edit).mp3;.mp3;;;;11.854 KB;
Manian & Nicco - Tonight (Official Video).mp3;.mp3;Manian & Nicco - Tonight (Official Video);;;6.719 KB;
Manian - Hands Up Forever.mp3;.mp3;Hands Up Forever;Manian;;5.773 KB;
Manian - Hold me tonight (Bootleg Radio Mix).mp3;.mp3;Hold Me Tonight;Manian;;6.733 KB;
Manian - Loco.mp3;.mp3;Loco;Manian;;6.375 KB;
Manian - Ravers in the UK (Official Video HD Version).mp3;.mp3;Manian - Ravers in the UK (Official Video HD Version);;;6.605 KB;
Manian - Welcome to the Club.mp3;.mp3;Welcome To The Club;Manian;;6.158 KB;
Manian feat. Nicci - I m In Love With The DJ (Original).mp3;.mp3;Manian feat. Nicci - I m In Love With The DJ (Original);;;6.318 KB;
Mark With a K - Music Is My Alibi (Da Tweekaz Remix).mp3;.mp3;Music Is My Alibi;Mark With a K;;9.959 KB;
Max Elto - Shadow of the Sun (Mako Remix).mp3;.mp3;Shadow Of The Sun;Max Elto;;7.174 KB;
Maxence Cyrin - Where Is My Mind [Mr. Robot].m4a;.m4a;Where Is My Mind [Mr. Robot];Maxence Cyrin;Maxence Cyrin;2.679 KB;
Maximillian Sheldon.mp3;.mp3;Maximillian Sheldon;Ultraje a Rigor;Acústico MTV;6.313 KB;Ultraje a Rigor
MC Brinquedo - Roça Roça (Flying Buff Festival Trap Remix).mp3;.mp3;MC Brinquedo - Roça Roça (Flying Buff Festival Trap Remix);;;6.226 KB;
Me Dá Um Olá.mp3;.mp3;Me Dá Um Olá;Ultraje a Rigor;Acústico MTV;2.515 KB;Ultraje a Rigor
Meg & Dia -  Monster  Doghouse Records.mp3;.mp3;Meg & Dia -  Monster  Doghouse Records;;;2.517 KB;
Meg & Dia - Monster (DotEXE Dubstep Remix).mp3;.mp3;Meg & Dia - Monster (DotEXE Dubstep Remix);;;3.486 KB;
Mike Candys feat. Evelyn & Carlprit - Brand New Day (Official Video HD).mp3;.mp3;Brand New Day - Radio Mix;Mike Candys feat. Evelyn & Carlprit;;5.446 KB;
Mike Candys feat. Jenson Vaughan - Bring Back The Love (Official Video HD).mp3;.mp3;Bring Back the Love - Radio Mix;Mike Candys feat. Jenson Vaughan;;6.310 KB;
Miley Cyrus - When I Look At You.mp3;.mp3;When I Look at You;Miley Cyrus;;7.691 KB;
Mim quer tocar.mp3;.mp3;Mim quer tocar;Ultraje a Rigor;Acústico MTV;4.991 KB;Ultraje a Rigor
Musica Boa 1.mp3;.mp3;[Progressive] - Ryos ft. Allisa Rose - Eclipse (Reez Remix) [Premiere];Ryos ft. Allisa;Maxtor;9.751 KB;
My Name Is Skrillex (Skrillex Remix).mp3;.mp3;My Name Is Skrillex (Skrillex Remix);www.electrosfera.com;www.electrosfera.com;5.868 KB;
Måns Zelmerlöw - Hereos (Will-Em Remix).m4a;.m4a;Heroes (Will-Em Remix);Måns Zelmerlöw;;4.391 KB;
Nada a declarar.mp3;.mp3;Nada a declarar;Ultraje a Rigor;Acústico MTV;4.565 KB;Ultraje a Rigor
Neilio - Stories (Official HQ Preview).mp3;.mp3;Neilio - Stories (Official HQ Preview);;;6.661 KB;
Neilio ft. Miss Judged - Trapped (Official HQ Preview).mp3;.mp3;Neilio ft. Miss Judged - Trapped (Official HQ Preview);;;7.104 KB;
Neilio ft. Ohwin - Wish I Never Met You (The Vision Remix) (Official HQ Preview).m4a;.m4a;Neilio ft. Ohwin - Wish I Never Met You (The Vision Remix) (Official HQ Preview);;;3.297 KB;
Nek - Fatti Avanti Amore (Dario Trapani Remix).mp3;.mp3;Nek - Fatti Avanti Amore (Dario Trapani Remix);;;7.476 KB;
Nek - Fatti avanti amore (Official Video) [Sanremo 2015].mp3;.mp3;Nek - Fatti avanti amore (Official Video) [Sanremo 2015];;;7.209 KB;
nerdcast_314_dia_dos_namorados.mp3;.mp3;Nerdcast 314 – Especial Dia dos Namorados 2012;NC314 - Alottoni, Sra. Jovem Nerd, Guilherme Briggs, Portuguesa e Azaghal, o anão;Jovem Nerd;73.540 KB;
nerdcast_318_historias_de_trabalho_2.mp3;.mp3;Nerdcast 318 - Eu só trabalho aqui 2;NC318 - Alottoni, Diogo Braga, Beto Estrada, Affonso Solano e Azaghal;Jovem Nerd;51.401 KB;
nerdcast_332_profissao_professor 2.mp3;.mp3;Nerdcast 332 - Profissão: Professor;NC332 - Alottoni, Tucano, Gustavo Guanabara, Jonny Ken e Azaghal;Jovem Nerd;57.719 KB;
nerdcast_332_profissao_professor.mp3;.mp3;Nerdcast 332 - Profissão: Professor;NC332 - Alottoni, Tucano, Gustavo Guanabara, Jonny Ken e Azaghal;Jovem Nerd;57.719 KB;
nerdcast_337_protocolos_sociais.mp3;.mp3;Nerdcast 337 - Manual do protocolo social;NC337 - Alottoni, Affonso Solano, Diogo Braga, Beto Estrada e Azaghal;Jovem Nerd;59.694 KB;
nerdcast_359_tipos_de_pessoas.mp3;.mp3;Nerdcast 359 - Aquele tipinho de pessoa;NC359 - Alottoni, JP, Tucano, Sr. K e Azaghâl;Jovem Nerd;57.542 KB;
nerdcast_370_loteria.mp3;.mp3;Nerdcast 370 - E se... ganhássemos na loteria?;NC370 - Alottoni, Tucano, JP, Sr. K e Azaghal;Jovem Nerd;61.366 KB;
nerdcast_371_caneladas_da_historia.mp3;.mp3;Nerdcast 371 - Caneladas da História;NC371 - Alottoni, Bluehand, Tucano, Eduardo Spohr,JP e Azaghal;Jovem Nerd;51.806 KB;
nerdcast_373_regras_nao_escritas_da_vida.mp3;.mp3;Nerdcast 373 - Regras não escritas da vida;NC373 - Alottoni, Affonso Solano, Beto Estrada, Diogo Braga e Azaghâl;Jovem Nerd;67.715 KB;
nerdcast_378_pequenos_prazeres.mp3;.mp3;Nerdcast 378 - Pequenos Prazeres;NC378 - Alottoni, Sra. Jovem Nerd, Sr. K, Portuguesa e Azaghâl;Jovem Nerd;63.722 KB;
nerdcast_381_tecnologias_do_futuro.mp3;.mp3;Nerdcast 381 - Tecnologias do Futuro;NC381 - Alottoni, Atila Lamarino, Rafael Calsaverini, Caio Gomes, Bluehand e Azaghâl;Jovem Nerd;67.048 KB;
nerdcast_387_sobrevivencia.mp3;.mp3;Nerdcast 387 - Eu sobrevivi!;NC387 - Alottoni, Tresdê, Beto Estrada, Guga, Rex, Tucano e Azaghâl;Jovem Nerd;54.046 KB;
NERVO - You re Gonna Love Again.mp3;.mp3;NERVO - You re Gonna Love Again;;;3.519 KB;
Nicky Romero & NERVO - Like Home (Official Music Video).mp3;.mp3;Nicky Romero & NERVO - Like Home (Official Music Video);;;3.433 KB;
Nicky Romero vs Krewella- Legacy (Vicetone Remix).mp3;.mp3;Nicky Romero vs Krewella- Legacy (Vicetone Remix);;;6.798 KB;
NIGGASNERDS [Freaks and Geeks (N²)MIX] - NiggasNerds.mp3;.mp3;NIGGASNERDS [Freaks and Geeks (N²)MIX] - NiggasNerds;;;5.063 KB;
One More Night- Cascada.mp3;.mp3;Cascada - One More Night;;;6.962 KB;
Pablo Alboran - Donde Está El Amor ft. Jesse & Joy (Videoclip oficial).m4a;.m4a;Donde Está El Amor ft. Jesse & Joy (Videoclip oficial);Pablo Alboran;Pablo Alboran;3.423 KB;
Pablo Alborán - Solamente Tú (Videoclip Oficial).m4a;.m4a;Solamente Tú (Videoclip Oficial);Pablo Alborán;Pablo Alborán;4.107 KB;
Paris Blohm & Steerner ft. Paul Aiden - Fight Forever [Official Lyric Video].m4a;.m4a;Paris Blohm & Steerner ft. Paul Aiden - Fight Forever [Official Lyric Video];;;3.722 KB;
Paris Blohm & Taylr Renee - Left Behinds (Lyric Video).mp3;.mp3;Left Behinds;Paris Blohm & Taylr Renee;;7.104 KB;
Pedra Leticia - Eu sou pedreiro.mp3;.mp3;;;;5.049 KB;
Pedra Leticia - Funcionário do mês.mp3;.mp3;;;;3.331 KB;
Pedra Leticia - Lalala.mp3;.mp3;;;;5.104 KB;
Pedra Leticia - Libertas quae sera tamen.mp3;.mp3;;;;3.583 KB;
Pedra Leticia - Me Provoca.mp3;.mp3;;;;4.129 KB;
Pedra Leticia - O Circo de um Homem Só (Official Music Video).m4a;.m4a;O Circo de um Homem Só;Pedra Letícia;;3.838 KB;
Pegboard Nerds - Hero (Da Tweekaz  Guitar Hero  Mix) [HQ Free].mp3;.mp3;Hero (feat. Elizaveta);Pegboard Nerds;;9.630 KB;
Pelado.mp3;.mp3;Pelado;Ultraje a Rigor;Acústico MTV;5.861 KB;Ultraje a Rigor
Peppino Di Capri - Roberta.mp3;.mp3;Roberta;Peppino di Capri;;6.075 KB;
Perfeição - Legião Urbana.mp3;.mp3;Perfeição - Legião Urbana;;;4.222 KB;
Phantom of the Opera - Lindsey Stirling.mp3;.mp3;Phantom of the Opera Medley;Lindsey Stirling;;13.963 KB;
Pink Floyd - Hey You.mp3;.mp3;Hey You;Pink Floyd;;8.445 KB;
Pink Floyd - Money (Official Music Video).mp3;.mp3;Money;Pink Floyd;;8.874 KB;
Pink Floyd - Shine On You Crazy Diamond (Part One).mp3;.mp3;Shine On You Crazy Diamond, Part 1;Pink Floyd;;25.379 KB;
Pink Floyd - Wish You Were Here (with lyrics).m4a;.m4a;Pink Floyd - Wish You Were Here (with lyrics);;;4.963 KB;
Pink Floyd -- The Wall [[ Official Video ]].mp3;.mp3;Pink Floyd -- The Wall [[ Official Video ]];Pink Floyd;A Collection of Great Dance Songs;3.098 KB;Pink Floyd
Pink Floyd- Comfortably Numb with lyrics.m4a;.m4a;Pink Floyd- Comfortably Numb with lyrics;;;5.939 KB;
Pitbull - Feel This Moment ft. Christina Aguilera.mp3;.mp3;Pitbull - Feel This Moment ft. Christina Aguilera;;;5.383 KB;
Ponto de ônibus.mp3;.mp3;Ponto de ônibus;Ultraje a Rigor;Acústico MTV;5.406 KB;Ultraje a Rigor
Psycho Punkz ft. Murda - Love This Life.mp3;.mp3;Psycho Punkz ft. Murda - Love This Life;;;3.705 KB;
Psyko Punkz vs Coone - The Words - Official Videoclip.m4a;.m4a;Psyko Punkz vs Coone - The Words - Official Videoclip;;;3.627 KB;
Que Isso Fique Entre Nós - A Banda Mais Bonita da Cidade.mp3;.mp3;A Banda Mais Bonita da Cidade - Que Isso Fique Entre Nós;;;3.285 KB;
Que país é esse - Legião Urbana.mp3;.mp3;Que país é esse - Legião Urbana;;;2.825 KB;
Queen - Don t Stop Me Now (Official Video).mp3;.mp3;Don't Stop Me Now;Queen;;6.781 KB;
Queen - Somebody To Love.mp3;.mp3;;;;7.492 KB;
Queen - Under Pressure (Official Video).mp3;.mp3;Under Pressure;Queen;;7.908 KB;
Queen - We Are The Champions (Official Video).mp3;.mp3;We Are the Champions;Queen;;5.943 KB;
Queen - We Will Rock You (Official Video).mp3;.mp3;We Will Rock You;Queen;;4.204 KB;
Queen - Who Wants To Live Forever (Official Video).mp3;.mp3;Who Wants to Live Forever;Queen;;7.876 KB;
R.I.O. Feat. U-Jean - Ready Or Not (Official Video HD).mp3;.mp3;R.I.O. Feat. U-Jean - Ready Or Not (Official Video HD);;;3.315 KB;
Radioactive - Lindsey Stirling and Pentatonix (Imagine Dragons Cover).mp3;.mp3;Radioactive - Lindsey Stirling and Pentatonix (Imagine Dragons Cover);;;8.269 KB;
Rather Be - Clean Bandit (DSharp Violin Mix) @CleanBandit.mp3;.mp3;Rather Be (feat. Jess Glynne);Clean Bandit;;9.118 KB;
Rebelde sem causa.mp3;.mp3;Rebelde sem causa;Ultraje a Rigor;Acústico MTV;4.418 KB;Ultraje a Rigor
Rebirth Festival 2015 _ Max Enforcer - Rise Up (Official Rebirth Anthem 2015).m4a;.m4a;Max Enforcer - Rise Up (Official Rebirth Anthem 2015);;;4.084 KB;
Rebourne ft. Melissa Pixel - Beyond [HQ Original].m4a;.m4a;Rebourne ft. Melissa Pixel - Beyond [HQ Original];;;4.241 KB;
Revenge  - A Minecraft Parody of Usher s DJ Got Us Fallin  in Love - Crafted Using Noteblocks.mp3;.mp3;Revenge  - A Minecraft Parody of Usher s DJ Got Us Fallin  in Love - Crafted Using Noteblocks;;;4.133 KB;
River Flows In You- Lindsey Stirling.mp3;.mp3;River Flows In You;Lindsey Stirling;;7.738 KB;
Samba do Approach - zeca pagodinho e zeca Baleiro.mp3;.mp3;Samba do Approach - zeca pagodinho e zeca Baleiro;;;7.099 KB;
Samba em Prelúdio - Vinicius de Moraes 'La Fusa' con Maria Creuza y Toquinho.m4a;.m4a;Samba em Prelúdio;Vinicius de Moraes;Samba em Prelúdio;3.624 KB;
Scorpions - Send Me An Angel.mp3;.mp3;Send Me An Angel;Scorpions;;8.379 KB;
Scorpions - Still Loving You (lyrics).mp3;.mp3;Scorpions - Still Loving You (lyrics);;;5.686 KB;
Scorpions - Wind Of Change.mp3;.mp3;Wind of Change;Scorpions;;8.869 KB;
Sebastian Ingrosso & Alesso ft. Ryan Tedder -- Calling (Lose My Mind) [Radio Edit].mp3;.mp3;Sebastian Ingrosso & Alesso ft. Ryan Tedder -- Calling (Lose My Mind) [Radio Edit];;;3.244 KB;
Shatter Me Featuring Lzzy Hale - Lindsey Stirling.mp3;.mp3;;;;6.313 KB;
She Rocks! - The Arsenal Project.mp3;.mp3;She Rocks!;The Arsenal Project;Soundcloud;13.611 KB;The Arsenal Project
Silentó - Watch Me (Whip Nae Nae) (Official).mp3;.mp3;Silentó - Watch Me (Whip Nae Nae) (Official);;;6.325 KB;
Skank - Ainda Gosto Dela.mp3;.mp3;Ainda gosto dela;Skank;;9.905 KB;
Skank - Sutilmente.mp3;.mp3;Sutilmente;Skank;;7.640 KB;
Skillet - Awake and Alive.mp3;.mp3;Skillet - Awake and Alive;;;3.195 KB;
Skillet - Comatose (Lyrics).mp3;.mp3;Comatose;Skillet;;7.192 KB;
Skrillex & The Doors - Breakn  A Sweat (Zedd Remix).mp3;.mp3;Skrillex & The Doors - Breakn  A Sweat (Zedd Remix);;;5.173 KB;
SKRILLEX - Bangarang feat. Sirah [Official Music Video].mp3;.mp3;SKRILLEX - Bangarang feat. Sirah [Official Music Video];;;3.455 KB;
Skrillex - Cinema.mp3;.mp3;Cinema;Skrillex;;11.918 KB;
Skrillex - Reptile.mp3;.mp3;Reptile;Skrillex;Single;4.256 KB;
Skrillex - Scary Monsters And Nice Sprites.mp3;.mp3;Scary Monsters And Nice Sprites;Skrillex;Scary Monsters And Nice Sprites;3.809 KB;Skrillex
Skrillex Ft. Krewella - Breathe.mp3;.mp3;Skrillex Ft. Krewella - Breathe;;;7.663 KB;
Skrillex_Bangarang.mp3;.mp3;Bangarang;Skrillex;Bangarang;6.233 KB;
Song of the Caged Bird - Lindsey Stirling (Original Song).mp3;.mp3;Song of the Caged Bird;Lindsey Stirling;;8.035 KB;
Sous le ciel de paris  ZAZ & Pablo Alborán [Letra].m4a;.m4a;Sous le ciel de paris  ZAZ & Pablo Alborán [Letra];;;3.141 KB;
Stairway to Heaven.mp3;.mp3;;;;14.906 KB;
Stephen Swartz -- Bullet Train (Feat. Joni Fatora).m4a;.m4a;Stephen Swartz -- Bullet Train (Feat. Joni Fatora);;;3.820 KB;
Steve Jobs vs Bill Gates.  Epic Rap Battles of ....mp3;.mp3;Steve Jobs vs Bill Gates.  Epic Rap Battles of ...;;;2.617 KB;
Super Mario Theme [DUBSTEP REMIX].mp3;.mp3;Super Mario Theme DUBSTEP REMI;;;3.751 KB;
Swedish House Mafia - Save The World (Official Instrumental) + Lyrics.mp3;.mp3;Swedish House Mafia - Save The World (Official Instrumental) + Lyrics;;;6.660 KB;
Taylor Swift - I Knew You Were Trouble (Spaarkey Dubstep Remix).mp3;.mp3;Taylor Swift - I Knew You Were Trouble (Spaarkey Dubstep Remix);;;4.332 KB;
the cataracs ft dev - top of the world_digitald.mp3;.mp3;top of the world;the cataracs ft dev;DigitalDripped.com;3.523 KB;
The Colourist - We Won t Go Home (The Jane Doze Remix).mp3;.mp3;We Won't Go Home;The Colourist;;7.712 KB;
The Final Countdown (1986) - Violin Instrumental.m4a;.m4a;The Final Countdown (1986) - Violin Instrumental;;;3.588 KB;
The Final Countdown (1986) - Violin Instrumental.mp3;.mp3;;;;0 KB;
The Prophet - One Moment (Official videoclip).mp3;.mp3;The Prophet - One Moment (Official videoclip);;;6.647 KB;
The Super Mario Song.mp3;.mp3;The Super Mario Song;;;1.458 KB;
The Vision & Neilio - Alive (Official Sunrise Festival 2015 Hardstyle Anthem).m4a;.m4a;The Vision & Neilio - Alive (Official Sunrise Festival 2015 Hardstyle Anthem);;;3.617 KB;
Titanium - David Guetta 8-BIT VERSION!.mp3;.mp3;Titanium - David Guetta 8-BIT VERSION!;;;3.442 KB;
Tom Boxer & Morena feat. J Warner - Deep In Love.mp3;.mp3;;;;12.365 KB;
Tristam - Shine [Drumstep].mp3;.mp3;Tristam - Shine [Drumstep];;;4.050 KB;
Turn This Club Around (Extended Mix) - www.musicasparabaixar.org.mp3;.mp3;Turn This Club Around (Extended Mix);Va - www.musicasparabaixar.org;Anual Mix 2012 - www.musicasparabaixar.org;12.624 KB;www.musicasparabaixar.org
UEFA Euro 2012 Goal Song - Seven Nation Army (Remix).mp3;.mp3;UEFA Euro 2012 Goal Song - Seven Nation Army (Remix);;;6.046 KB;
Um Joystick, Um Violão - 10 - É Preciso Saber Viver.mp3;.mp3;Um Joystick, Um Violão - 10 - É Preciso Saber Viver;;;3.025 KB;
Um Joystick, Um Violão 09 - Geração Coca-Cola.mp3;.mp3;Um Joystick, Um Violão 09 - Geração Coca-Cola;;;2.878 KB;
Verdade - Zeca Pagodinho.mp3;.mp3;Verdade;Zeca Pagodinho;;7.966 KB;
Vicetone vs. Popeska - The New Kings ft. Luciana.mp3;.mp3;The New Kings ft. Luciana;Vicetone vs. Popeska;;6.968 KB;
Vivaldi - Spring.m4a;.m4a;Vivaldi - Spring;;;9.287 KB;
Você Não Me Ensinou A Te Esquecer - Bruno e Marrone.m4a;.m4a;Você Não Me Ensinou A Te Esquecer - Bruno e Marrone;;;3.866 KB;
Wake Me Up   Avicci.mp3;.mp3;Wake Me Up;Avicci;;8.172 KB;
well-be-coming-back-feat.mp3;.mp3;We'll Be Coming Back feat. Example;Calvin Harris;Chubbybeavers.com;4.246 KB;
What Child is This - Lindsey Stirling.mp3;.mp3;What Child is This - Lindsey Stirling;;;10.094 KB;
Whitney Houston - I Will Always Love You - Lyrics.m4a;.m4a;Whitney Houston - I Will Always Love You - Lyrics;;;4.387 KB;
Xote dos Milagres - Falamansa.m4a;.m4a;Xote dos Milagres - Falamansa;;;4.151 KB;
Youngblood Hawke - We Come Running (Vicetone Remix).mp3;.mp3;We Come Running [Vicetone Remix];"The West Los Angeles Children's Choir; Youngblood Hawke";We Come Running: Remixes;9.385 KB;Youngblood Hawke
ZAZ - 'Si jamais j'oublie' [Official Video].m4a;.m4a;'Si jamais j'oublie' [Official Video];ZAZ;ZAZ;3.303 KB;
Zaz - Je veux.m4a;.m4a;Je veux;Zaz;Zaz;3.470 KB;
Zeca Pagodinho - Deixa A Vida Me Levar.mp3;.mp3;Deixa A Vida Me Levar;Zeca Pagodinho;;6.802 KB;
Zedd - Clarity (feat. Foxes).mp3;.mp3;Zedd - Clarity (feat. Foxes);;;4.249 KB;
Zedd - Find You (Atmozfears Remix) [HD].m4a;.m4a;Zedd - Find You (Atmozfears Remix) [HD];;;2.947 KB;
Zedd - Spectrum (Lyric Video) ft. Matthew Koma.mp3;.mp3;Zedd - Spectrum ft. Matthew Koma;;;3.804 KB;
Zedd - Stay The Night ft. Hayley Williams.mp3;.mp3;;;;5.982 KB;
ZHU - Faded (Dzeko & Torres Remix).mp3;.mp3;Faded;Zhu;;8.572 KB;
Zoraide.mp3;.mp3;Zoraide;Ultraje a Rigor;Acústico MTV;5.385 KB;Ultraje a Rigor
Катюша (Katyusha).m4a;.m4a;Катюша (Katyusha);;;2.843 KB;
